Name,Price,Rating,Price cut
Airscape - The Fall of Gravity,12,79.1,56
Assassin Girls,12,76.34,76
Ballway,12,79.08,91
Barro 2020,12,79.38,91
Barro F,12,78.65,91
ConflictCraft,12,77.87,91
Cube Destroyer,12,81.17,91
Lovely Warriors,12,79.83,76
My Harem,12,81.07,76
Rock and Girls,12,79.21,76
Seen,12,89.9,84
Sport Girls,12,77.09,76
Bomb Bowling,13,76.58,90
Butterfly,13,76.97,90
Crash Wheels,13,82.02,90
For Evelyn,13,78.11,90
illie,13,77.15,87
Katana Soul,13,82.41,84
Pianistic,13,80.66,90
Portal of Evil: Stolen Runes Collector's Edition,13,84.97,90
Prison Run and Gun,13,85.14,90
QUICKERFLAK,13,83.3,90
QUICKERFLAK_RUTHLESSMOD,13,80,90
Razortron 2000,13,81.69,52
The Cassir Simulator,13,82.07,52
THE IMPOSSIBLE,13,80.58,90
Tomato Jones,13,77.84,90
TTV2,13,81.46,90
TTV3,13,79.83,90
TTV4,13,78.69,90
UBERMOSH,13,85.57,52
UBERMOSH + Original Soundtrack,13,85.84,90
UBERMOSH Vol.3,13,82.4,90
UBERMOSH Vol.5,13,86.4,90
UBERMOSH Vol.7,13,79.38,90
UBERMOSH:BLACK,13,78.14,90
UBERMOSH:OMEGA,13,84.48,90
Cute Dogs,14,82.8,48
Hammer 2,14,80.79,89
keyg,14,78.01,89
LYSER,14,80.32,52
Munin,14,78.41,89
5,15,77.27,50
6,15,79.87,50
ADVERSE,15,78.76,90
ALILIA ‰∫öÂà©Âà©‰∫öÁöÑÁ≤æÁÅµ‰ª¨,15,83.26,50
aMAZE 2,15,81.16,48
Argonauts Agency: Pandora's Box,15,77,90
BalloonBoyBob,15,79.83,50
BULLET PARTY,15,83.42,50
Cats War,15,81.08,50
Chess Valley,15,77.62,50
Choco Pixel 2,15,77.4,75
Conan the mighty pig,15,85.62,48
Consummate:Missing World ÂØáËééÊ¢ÖÁâπÔºöÂõ∞‰∏ñËø∑ÊÉÖ,15,89.86,50
Dark Flowers,15,76.62,50
DOKA 2 KISHKI EDITION,15,82.03,50
Don't Crash - The Political Game,15,83.69,75
Drift86,15,88.33,75
Endless Furry Killer 2020,15,80.66,50
Endless Furry Killer 3D,15,78.04,75
Escape Game,15,76.13,50
Exertus,15,79.58,75
Fencing Girl,15,78.8,50
Fishing Together,15,76.34,50
Gachi Heroes,15,90.07,50
Gachi Heroes 2: Flexboll,15,77.13,50
Geometry Rush,15,78.7,50
Goddess of Hentai,15,83.39,50
Hentai Beach,15,84.48,50
How To Bathe Your Cat: Impossible Mission,15,78.21,50
Inertia,15,79.72,50
Karting,15,81.73,75
Karting Grand Prix Minigame,15,77,50
KNIGHTS,15,88.48,48
LaserCat,15,82.92,48
LightBall,15,79.39,50
Linked,15,85.59,50
Love In Drawing,15,79.02,50
My Stunt Life,15,76.72,50
Mystical Island,15,77.41,75
Oh My Gore!,15,80.21,75
One Line: Letters and Codes,15,77.92,50
Out There Somewhere,15,90.03,50
Pay Me In Colors,15,77.87,50
PEG,15,82.63,48
Phoenix Force,15,79.11,50
Pleasure Puzzle:Sexy Girls Ë∂£ÊãºÊãºÔºöÊÄßÊÑüÂ∞ëÂ•≥,15,76.86,50
Pleasure Puzzle:Workshop Ë∂£ÊãºÊãºÔºöÊãºÂõæÂ∑•Âùä,15,82.04,50
Queen of the flies ËùáÂêé,15,85.81,50
Rampage Miami,15,79.12,50
Riaaf The Spider,15,78.04,48
RUN OR FIGHT,15,76.58,50
Samozbor ID:HEAVEN,15,76.82,50
Sins Of The Demon RPG,15,79.89,48
Space Codex,15,76.79,48
Space Mayhem,15,82.22,50
Squeakers,15,84.69,75
Squeakers II,15,75.86,75
Stamp Boy / Ë∑≥Ë∑≥Â∞èÂ≠ê,15,82.28,75
Â•≥Â∑´‰∏éÂÖ≠‰æøÂ£´ the sibyl and sixpence,15,78.5,50
ËøÖÈ£éÁöÑÁ±≥ÊñØÁâπÊ±Ä Windy Mystletainn,15,76.58,50
Love with Kadyrov,15.88,80.02,50
Colors!,16,77.22,47
Fire and Steel,16,79.92,80
House of Detention,16,89.16,52
Self Shot,16,76.49,84
Terrorhedron Tower Defense,16,79.64,45
Hentai Killer,16.17,76.96,45
ORCS,17,76.88,72
Press Any Button,17,88.46,71
Angle Soccer,18,78.69,40
BOT.vinnik Chess: Early USSR Championships,18,77.77,40
Cactus Clicker - Bofete Stories,18,76.12,40
Delicious! Pretty Girls Mahjong Solitaire,18,82.51,38
Dracula Frames,18,78.75,40
Hentai Girl,18,90.5,40
Hentai Girl Fantasy,18,90.66,40
Hentai Girl Hime,18,90.2,40
Hentai Girl Karen,18,91.2,40
Hentai Girl Linda,18,90.94,40
Next 3,18,82.69,40
Next 4,18,83.28,40
Pretty Angel,18,88.19,40
Pretty Neko,18,89.37,40
Puzzle Light: Rotate,18,80.72,40
Sly Slime,18,78.13,70
Tezz,18,81.66,40
Love in Belarus,18.22,77.32,70
AchBall,19,78.74,51
Amulet Zero Èõ∂Áâ©ËØ≠ - Optimize,19,77.09,37
Dispersio,19,79.06,51
Euphoria: Supreme Mechanics,19,77.88,90
Midsummer Night,19,80.3,90
Miles & Kilo,19,83.02,90
Picklock,19,81.22,90
Quell,19,89.63,81
Quell Memento,19,86.19,81
Quell Reflect,19,86.15,81
The Pointless Car Chase: Refueled,19,76.45,37
The Promised Land,19,80.9,90
In Search of Fon Vitae,20,78.3,86
Journey of a Roach,20,84.67,90
LEAVES - The Return,20,79.23,87
Shadowgrounds,20,77.16,86
Christmas With My Family - Jigsaw Puzzle,21,79.39,66
Cultures - 8th Wonder of the World,21,76.78,89
Cultures - Northland,21,77.6,89
Gravity Block,21,78.99,66
"I, Zombie",21,80.84,64
Make a Path for the Chicken,21,81,30
Miss Cat,21,80,30
Palladise Island,21,79.81,30
qop,21,86.13,66
qop 2,21,87.41,66
qop 3,21,86.27,66
qop 4,21,87.29,66
Romeow: to the cracked Mars,21,83.14,30
Shooting Stars!,21,80.87,89
ÊÄï‰∏çÊÄïË∂¥ÂñµÈú∏Èú∏ Ghost Party Nyanbaba,21,88.23,30
Dark Flame,22,77.41,27
Gra&Vity,22,77.87,27
Pow! 2,22,79.05,27
Reverse Crawl,22,83.31,85
One Circle,23,82.85,23
My Cute Fuhrer,23.88,82.87,61
Clownfield 2042,24,82.32,20
Crazy Ball Adventures,24,77.03,20
Cultures: Northland + 8th Wonder of the World,24,78.21,90
Dungeon Slime 2: Puzzle in the Dark Forest,24,83.14,61
Dungeons of Hell,24,76.76,71
INVERT,24,82.95,61
Kyle Simulator,24,78.44,20
Simp Simulator,24,78.24,20
SokoMatch: Lizard Saga,24,79.71,61
Stunt Simulator Multiplayer,24,81.22,20
Time of the Clones,24,76.34,90
YiYi,24,84.9,20
1-Bit Revival: The Residuals of Null,25,77.87,75
Colorful Colore,25,86.96,70
Crazy Machines 3,25,91.92,90
Dead Synchronicity: Tomorrow Comes Today,25,80.02,90
Hello From Darkness,25,77.31,90
Jigsaw Puzzle - Animals,25,77.3,17
Monsters' Den: Book of Dread,25,83.81,81
Oozi: Earth Adventure,25,81.4,90
Robin's Quest,25,78.24,81
SiNKR,25,88.04,75
ÂºÇ‰∏ñÁïåÊó†ÂéòÂ§¥ÁîüÊ¥ª2,25,78.82,51
Bear With Me: The Lost Robots,26,77.65,80
Yet Another Zombie Defense HD,26,81.02,83
Angry Putin,27,81.51,10
Ashi Wash,27,79.32,67
Deported 2: Build That Wall,27,78.37,10
Deported: Drain the Swamp,27,76.4,10
Hentai Aim Trainer,27,84.27,10
Mathletix,27,77.41,67
Quiver Dick's Terrible Tale For Terrible Parents To Read To Their Equally Terrible Children,27,81.17,10
C-4,28,81.17,90
Dungeon Color,28,80.48,73
Neon,28,78.11,90
Syberia,28,85.53,90
Syberia II,28,82.26,90
ANIME - World War II,29,78.52,51
ANIME WAR ‚Äî Modern Campaign,29,78.87,51
Chameleon Run Deluxe Edition,29,82.01,81
Edna & Harvey: Harvey's New Eyes,29,85.73,90
Edna & Harvey: The Breakout,29,80.42,90
FlatOut,29,88.96,81
In the Raven Shadow ‚Äì Ve st√≠nu havrana,29,75.92,71
Super Destronaut,29,77.67,51
Super Star Path,29,76.01,81
The Dark Eye: Chains of Satinav,29,82.96,90
The Dark Eye: Memoria,29,85.66,90
The Night of the Rabbit,29,86.17,90
A Long Road Home,30,80.92,51
Bob Help Them,30,80.72,81
Ceress and Orea,30,79.83,51
Chameneon,30,79.32,51
Cubic,30,77.83,51
Elemental Angel,30,80.28,71
Magicolors,30,78.13,51
Mars Underground,30,80.92,51
Muse Dash,30,92.41,82
Neon Parkour,30,76.13,51
Perseverance Mission - Astronaut Charlie,30,79.04,51
Push Blox 2,30,77.87,51
Puzzle Car,30,84.87,51
The Last of Waifus,30,78.29,51
Tree Simulator 2021,30,83.71,51
64,31,86.37,61
Act of War: Direct Action,31,82.72,61
Hexologic,31,90.09,61
Shiro,31,80.01,79
Eon Altar,32,81.23,75
Guards,32,79.91,75
Untitled Marble Game,32,79.46,75
Knytt Underground,33,79.28,80
Lost Bits,33,77.41,75
Zup! 5,33,89.68,46
Zup! 6,33,90.09,46
Zup! 7,33,90.99,46
Zup! 8,33,92.48,46
Zup! 9,33,90.69,46
Zup! X,33,93.53,46
Zup! XS,33,82.3,46
Zup! Zero,33,89.5,46
Zup! Zero 2,33,89.09,46
AER Memories of Old,34,83.42,90
"BEAR, VODKA, FALL OF BERLIN! üêª",34,85.26,51
Bragger's Run,34,76.34,67
Hot Shot Burn,34,82.75,90
Left in the Dark: No One on Board,34,78.54,90
Lost Grimoires: Stolen Kingdom,34,77.71,90
Mind Snares: Alice's Journey,34,82.36,90
Mountain,34,86.32,48
Get Achievements for Achievements,35,82.2,50
Indian Summer,35,76.34,80
UTOPIA 9 - A Volatile Vacation,35,76.16,80
AHEGAL,36,83.94,41
Asyula ÊñπËàü‰πãÈìæ,36,82.24,41
Barrage Musical ~ Basic Danmaku Tutorial ~ / ÂºπÂπïÈü≥‰πêÁªò ~ Âü∫Á°ÄÊïôÂ≠¶ÁØá ~,36,88.08,41
Cat Slide Tiles,36,86.65,41
Farm Kitten - Puzzle Pipes,36,81.56,41
Izmir: An Independence Simulator,36,76.13,41
Kalinur,36,89.66,41
Oppai Muse,36,85.51,41
BlazBlue: Calamity Trigger,37,82.72,85
Conga Master,37,79.06,85
Hidden Girl,37,86.37,39
Marble Age,37,78.57,75
Quell Collection,37,90.45,80
The Tiny Bang Story,37,84.78,75
Destropolis,38,82.95,75
M√§rchen Forest: Mylne and the Forest Gift [Legacy ver.],38,78.02,85
Post Soviet Zombies,38,77.22,71
Shinobi Shift,38,78.3,85
World Soccer Strikers '91,38,78.3,75
12 Labours of Hercules,39,89.67,51
12 Labours of Hercules VII: Fleecing the Fleece (Platinum Edition),39,81.27,51
Fire: Ungh‚Äôs Quest,39,80.58,90
FlatOut 2‚Ñ¢,39,93.22,80
Mandinga - A Tale of Banzo,39,77.3,80
Rolling Adventure,39,79.71,80
Stairway to Heaven's Gate,39,77.87,36
Stick it to The Man!,39,88.88,80
Suicide Countdown: 7 Days,39,80.64,51
Zup! S,39,94.69,36
Zup! Z,39,93.29,36
Forgotten Hope,40,82.54,61
Let's Learn Japanese! Katakana,40,77.92,61
Among Ass 2: Butt Warfare,41,76.38,41
Cube Farmer - Puzzle,41,79.71,50
Deponia Doomsday,41,83.2,90
Grim Nights,41,84.97,50
It's Kooky,41,80.79,50
LEWDAPOCALYPSE Hentai Evil,41,92.01,31
Reformers,41,82.55,90
Retrowave,41,92,50
Space Court,41,86.81,50
Super Lobster Run,41,77.3,90
The Chronicles of Quiver Dick,41,85.42,50
The Eye of Borrack,41,77.87,50
They Came From the Sky,41,83.63,50
Ëù∂ÁîüÊ¢¶ÂΩ±-Butterfly dream shadow,41,79.04,50
Ever Seen A Cat? 2,42,88.06,31
Island Farmer - Jigsaw Puzzle,42,85.3,31
Kittens and Yarn,42,83.3,31
Lucky and a life worth living - a jigsaw puzzle tale,42,81.89,31
Memory Traces: Japan,42,79.04,31
Mini Gardens - Logic Puzzle,42,82.27,31
Mundus - Impossible Universe 2,42,81,16
RoboSkate,42,77.93,75
WORDLAND 3,42,76.9,31
Zup! F,42,94.09,31
Â∞òÂüÉËßÅÈóªÂΩï,42,81.06,31
CHESS with LASERS,43,81.66,85
Degrees of Separation,43,81.76,90
Diefrosty,43,79.83,75
Down in Bermuda,43,81.74,90
Grim Legends: The Forsaken Bride,43,91,80
Toroom,43,77.11,85
Home Behind,44,82.67,75
Leisure Suit Larry 7 - Love for Sail,46,77.87,70
Marcella Moon: Secret on the Hill,46,76.13,65
Pixel Pirate,46,76.9,90
The Divine Invasion,46,79.3,90
Knights of Pen and Paper 2,47,83.74,75
Adorable Witch,48,85.88,21
Cute Honey,48,87.56,21
Gemini,48,80.73,75
Heroes of the Three Kingdoms,48,87.42,30
Heroes of the Three Kingdoms 2,48,90.19,30
Lost,48,79.16,21
Sudocats,48,89.37,20
The Test,48,94.94,21
AHEGAL SEASONS,49,84.19,40
Planet TD,49,78.95,40
PropHunter,49,81.3,51
Robot Roller-Derby Disco Dodgeball,49,88.92,80
Silence,49,80.78,90
Soulflow,49,79.32,40
The Adventures of Fei Duanmu Á´ØÊú®ÊñêÂºÇÈóªÂΩï,49,86.68,51
The Walking Vegetables,49,82.75,80
‚àöLetter - Root Letter -,50,75.93,88
Aqua Kitty - Milk Mine Defender,50,81.42,70
I got a cat maid,50,81.15,50
StrikeForce Kitty,50,81.94,80
Â∑ùÂª∫ÂõΩÂêåÂøóÊÉ≥Ë¶ÅËøû‰ªª/Comrade Trump's Re-election,50.5,84.26,56
Choice of Life: Middle Ages,51,81.49,60
Crazy Kung Fu,51,80.69,80
Girl Jigsaw 2,51,78.48,50
ISEKAI QUEST,51,85.14,50
Monster Girl Dormitory,51,80.98,50
Nethergate: Resurrection,51,78.63,60
Path of Sacrifice,51,81.25,50
Star Control I and II,51,72.25,50
Star Control III,51,51.34,50
The Office Quest,51,87.71,75
To Be or Not To Be,51,83.57,60
WarDogs: Red's Return,51,80.72,50
Fantasy Mosaics 14: Fourth Color,52,76.97,70
8 Bit Space,53,78.69,60
Giant Bear Rampage! ‚ò¢Ô∏èüêª,53,82.85,60
Space Turbo,53,76.34,80
Ê∞∏ËøúÊ∂àÂ§±ÁöÑÂπªÊÉ≥‰π° ÔΩû The Disappearing of Gensokyo,53,82.14,80
A game that saves the muscles caught in the ceiling of the gymnasium,54,81.29,11
Cut to the Core,54,81.92,34
DragonRideVR,54,77.67,85
Grim Legends 2: Song of the Dark Swan,54,90.76,75
Nympho's Path,54,78.94,11
Cats Organized Neatly,55,93.64,30
Daedalic Adventure Bundle,55,85.63,90
Dogs Organized Neatly,55,91.62,30
Buzludzha VR,57,79.45,80
Life Goes On: Done to Death,57,91.47,80
LoveKami -Divinity Stage-,57,77.06,80
LoveKami -Useless Goddess-,57,76.2,80
Minit Fun Racer,57,86.43,30
The Little Acre,57,83.18,80
Wish,57,87.19,30
A NIGHTMARE'S TRIP,58,80.72,70
Songbird Symphony,58,85.1,85
Bot Vice,59,88.96,80
FlatOut: Ultimate Carnage,59,83.46,80
Hyper Jam,59,86.19,80
The Last Tinker‚Ñ¢: City of Colors,59,76.66,90
Darkness and Flame: Missing Memories,61,85.31,65
DEEP SPACE WAIFU: NEKOMIMI,61,91.3,40
Frontline: The Great Patriotic War,61,76.25,60
Hive - The Expansions Complete Pack,61,76.13,65
Lost Lands: Mistakes of the Past,61,81.68,65
Root Letter Last Answer,61,76.75,88
Strike Buster Prototype,61,82.97,40
Aragami,62,88.01,85
BlazBlue: Continuum Shift Extend,62,86.39,85
Containment Initiative,62,83.03,75
Predynastic Egypt,62,87.23,75
Regency Solitaire,62,88.13,75
ÂºπÂπïÈü≥‰πêÁªò ÔΩûÈ£éÈõ∑ÂπªÂ•èÊõ≤ÔΩû / Barrage Musical ~A Fantasy of Tempest~,62,88.47,75
Devil's Dungeon,63,78.13,30
Love n War: Warlord by Chance,63,82.91,26
ARKOS,64,77.19,75
ARMED SEVEN,64,82.3,50
Gravity Runner,64,77.87,75
Marble Age: Remastered,64,78.59,75
Ryse: Son of Rome,64,84.39,75
Supercharged Robot VULKAISER,64,85.86,50
The Sorrowvirus,64,76.85,75
Urban Trial Freestyle,64,78.8,90
View From Below,64,79.58,75
Grim Legends 3: The Dark City,65,86.64,70
Nightmare House,65,78.48,21
Skator Gator,65,80.83,21
Who Needs a Hero?,65,87.88,21
Break Stuff With Coins,66,80.28,66
Darkness Under My Bed,66,78.57,50
Dear Agony Aunt,66,76.34,50
Dininho Adventures: Definitive Edition,66,84.31,50
Escape Lala 2 - Retro Point and Click Adventure,66,87.94,50
Globesweeper: Hex Puzzler,66,80.88,66
Hollow Island,66,76.26,50
Knight Bewitched,66,82.21,50
Metal as Phuk,66,86.93,50
Misadventures of Laura Silver,66,80.49,66
Phantom Project,66,78.56,50
RITE,66,80.93,50
Run!ZombieFood!,66,77.84,35
911 Operator,69,86.9,80
Anna's Quest,69,84.35,90
Cats in Heat,69,77.41,16
Cupid Nonogram,69,80.62,16
Furry Hentai Isekai,69,76.9,16
Hentai Girl Clicker,69,80.01,16
If My Heart Had Wings,69,88.85,80
iZBOT,69,76.58,90
PAGO FOREST: DRAGON'S REVENGE,69,77.87,55
Pilgrims,69,91.6,65
The Leisure of Grisaia,69,84.36,30
Treasure of a Blizzard,69,76.69,80
Nightshade,70,79.05,60
Sheep Love,70,85.99,30
First Strike: Classic,71,82.02,60
Blood Card,72,76.52,80
Doomed to Hell,72,76.85,75
My Riding Stables: Life with Horses,72,78.19,80
Heroes of the Three Kingdoms 3,73,81.67,30
BlazBlue: Chronophantasma Extend,74,87.37,85
Catmaze,74,79.72,70
DeadCore,74,81.53,75
ENSLAVED‚Ñ¢: Odyssey to the West‚Ñ¢ Premium Edition,74,82.76,85
FIND ALL 2: Middle Ages,74,88.34,25
Irony Curtain: From Matryoshka with Love,74,81.87,90
SATAZIUS,74,80.84,50
Sweet Shine,74,87.48,50
The Age of Decadence,74,78.86,75
WOLFLAME,74,79.35,50
Tinyfolks,76,89.06,25
""" DEPLOYMENT",77,78.03,90
Fei Duanmu VS Kobayashi Á´ØÊú®Êñê VS Â∞èÊûóÊ≠£Èõ™,77,83.29,50
Golf Club Wasteland,77,79.5,70
If My Heart Had Wings - Deluxe Edition - Game and Soundtrack Bundle,77,88.98,80
Radiant Arc,77,80.28,50
ROCKETRON,77,76.6,50
Tower Of God: One Wish,78,78.3,60
HyperFleet,79,77.87,41
Kavel,79,78.69,41
Leisure Suit Larry - Wet Dreams Don't Dry,79,81.75,90
Lethal Lawns: Competitive Mowing Bloodsport,79,77.87,41
Milli & Greg,79,80.83,41
Rainbow Reactor,79,81.06,80
Milk Bottle And Monster Girl 2,80,81.21,50
Neon Chrome,80,87.05,77
The Chameleon,80,79.71,69
I‚Äôm going to die if I don‚Äôt eat sushi!,81,86.48,21
Seek Girl:Fog ‚Ö†,81,81.88,21
ÊçâÂ¶ñÁâ©ËØ≠/Monster Girl,81,78.39,10
CODE CRACKER ‰ª£Á†ÅÁ†¥ËØëËÄÖ,82,82.89,60
Peculiar Tales of Mid-Lake Pavilion,82,85.17,60
Classic Naval Combat Pack,83,76.8,80
Fleet Command,83,79.36,80
RUINER,83,87.59,80
Little Kite,84,78.43,50
Time Rifters,84,82.66,66
Bardbarian,85,84.43,55
Battle Chef Brigade Deluxe,87,91.96,80
Caladrius Blaze,87,76.21,80
Dead Man's Draw,87,79.08,50
Discolored,87,77.19,55
Hero of the Kingdom: The Lost Tales 2,87,84.45,50
Long Live The Queen,87,91.88,65
Modern Tales: Age of Invention,87,82.01,75
My Hidden Things,87,76.35,50
Shift Quantum - A Cyber Noir Puzzle Platformer,87,81.82,80
SilverFrame(Á∫ØÁôΩÊòüÂéü),87,76.83,50
Splody,87,82.1,50
The TakeOver,87,80.99,80
This Is the Police,87,80.82,75
Two Parsecs From Earth,87,76.97,55
Ê±âÂ≠óÂ§ßÂÜíÈô©,87,81.11,50
ÈòøÊØîÊñØÁöÑÂÆùËóè - Treasure of abyss,87,77.44,50
Aspire: Ina's Tale,89,79.57,70
PUSS!,89,83.6,70
Ancient Enemy,90,85.1,75
Egypt: Old Kingdom,90,81.75,75
Evergate,90,85.87,65
Hive,90,81.08,65
Mirrorama,90,79.71,75
Radiis,90,79.89,75
Shadowhand: RPG Card Game,90,79.26,75
Balloon Flight,92,81.97,40
L√≠ngua,92,78.44,40
Townscaper,92,94.08,40
Wanba Warriors,92,87.63,54
FIRE HEAT,93,76.34,80
Mess Adventures 2,93,76,30
Running on Magic,93,79.04,30
ALLTYNEX Second,94,78.53,50
Forward to the Sky,94,79.05,50
KAMUI,94,82.19,50
RefleX,94,80.76,50
Find Yourself,96,81.29,45
Aircraft Evolution,97,76.97,50
Duel on Board,97,80.28,50
Spark the Electric Jester,97,86.25,50
Edna & Harvey: The Breakout - Anniversary Edition,99,85.38,80
Egglien,99,80.28,26
Graze Counter,99,87.88,60
Sanator: Scarlet Scarf,99,84.36,60
Sword of the Stars: Complete Collection,99,83.06,75
Trancelation,99.99,75.86,60
Plebby Quest: The Crusades,100,83.4,77
AIRHEART - Tales of broken Wings,102,76.8,70
Buissons,102,86.51,50
"Nina Aquila: Legal Eagle, Season One",102,84.65,50
Game Dev Studio,103,80.97,60
Geometry Arena,103,92.38,33
Offroad Mania,103,87.32,23
Towertale,103,83.13,60
CHUCHEL,104,78.71,65
Hand of Fate,104,87.45,75
Hidden Folks,104,93.62,65
Sakura Hime,104,87.67,30
Sakura Hime 2,104,84.76,30
Yu-Gi-Oh! Legacy of the Duelist,104,81.8,75
ËÆ∞ÂæóÊàë,104,75.86,35
Eternal Liiivie - EP1 Liiivie Isolated From the World,105,76.97,40
Guns of Succubus,105,77.04,40
CursorFX,106,61.25,20
SoundPackager 10,106,59.43,20
Â∞ëÂ•≥ÁöÑÊ±ÇÁîü‰πãË∑Ø,106,77.88,20
I wanna be the Creator,107,92.02,31
Blood Card 2: Dark Mist,108,78.41,70
Cobra Kai: The Karate Kid Saga Continues,108,79.1,75
Icewind Dale: Enhanced Edition,108,86.05,75
Metal Unit,108,81.2,70
Sins of a Solar Empire: Trinity¬Æ,108,72.57,75
SteamWorld Dig 2,108,92.3,75
Streets of Rogue,108,93.94,75
The Last Campfire,108,93.48,70
LUNAR LICH/ÊúàÁêÉÂ∑´Â¶ñ,109,86.56,35
Hovercars 3077: Underground racing,111,78.11,43
JumpJet Rex,112,82.21,55
Necken,113,76.12,15
‰∫ëÁ´Ø‰πãÁ∫¶,114,87.21,70
69 Mary Love,115,75.86,25
Adorable Witch 2,115,79.95,15
Go! Go! PogoGirl,115,80.28,25
CROSS‚Ä†CHANNEL: Steam Edition,116,81.61,55
Rytmik Ultimate,116,81.56,70
Summer of '58,116,87.39,43
Furry Sex - GameDev Story üéÆ,117,80.3,33
Monsters' Den: Godfall,118,79.38,66
A Sky Full of Stars ‰ª∞ÊúõÂ§úÁ©∫ÁöÑÊòüËæ∞,119,89.84,70
MiniMap Kingdom,119,78.65,20
The Jewel of Monostructure,119,86.31,20
Â†¥Â§ñ‰∫∫Áîü,119,81.34,20
Á•ñÁéõÂ∞ëÂ•≥/Zuma Girls,120,79.04,25
Alice and You in the planet of numbers,122,80.54,30
Gem Setter,122,76.34,30
Streamer Daily,122,83.37,66
Icemaze Cave: Skate Escape,123,77,20
iVIBRATE Ultimate Edition,123,79.45,20
RGB Rush,123,82.95,20
Sable's Grimoire: A Dragon's Treasure,123,84.87,20
Sable's Grimoire: Man And Elf,123,84.1,20
ÊàëÂèçÂØπËøôÈó®‰∫≤‰∫ã-I'm against this marriage,123,79.45,20
Starblast,124,77.97,50
Tenta Shooter,124,83.52,50
Operation Warcade VR,125,87.2,70
Áà±‰∫∫ Lover,125,80.4,50
Intraquartz,126,78.3,35
Visionarium,126,76.44,35
Trine 4: The Nightmare Prince,128,88.14,75
Aery - A Journey Beyond Time,129,80.18,50
Before Your Eyes,129,94.74,50
Colorful Recolor,129,81.25,50
Demigod,129,72.34,50
Galactic Civilizations¬Æ I: Ultimate Edition,129,47.82,50
Her Story,129,87,50
Knight Bewitched 2,129,79.71,50
MECHBLAZE,129,81,50
Steel Vampire,129,81.3,50
The Corporate Machine,129,58.43,50
TrainerVR,129,80.47,50
Voxelgram,129,89.86,50
Fury Unleashed,130,85.62,70
Hive Complete Pack,130,81.54,65
PC Building Simulator,130,92.42,70
Rebirth:Mr Wang,130,78.47,35
Jester / King,130.5,82.19,70
PewDiePie: Legend of the Brofist,132,85.44,30
Èó®Èáå,135,82.02,30
Touhou Endless Dream,136,90.79,30
UndercoverAgent,136,78.43,30
LA FORET DE PAGO : LA VENGEANCE DU DRAGON,138,78.13,10
Secret Pie,138,84.66,10
ALLTYNEX Second Deluxe Edition,139,78.62,50
Carpe Lucem - Seize The Light VR,139,77.32,60
Gizmos: Steampunk Nonograms,139,77.34,30
KAMUI Deluxe Edition,139,82.19,50
RefleX Deluxe Edition,139,80.43,50
SOKOBOT,139,81.03,55
Fantasy Fishing Town,140,76.6,20
Locked Up,140,76.45,53
Regrowth,142,79.23,45
The Fall of the Dungeon Guardians - Enhanced Edition,142,79.41,66
Void Destroyer 2,142,78.62,45
Citizens: Far Lands,144,83.13,50
hoVRboard,144,79.23,50
If My Heart Had Wings -Flight Diary-,144,87.46,60
Low Magic Age,144,87.26,60
Siege of Centauri,144,62.07,60
Supraland,144,92.62,62
The Political Machine 2020,144,78.05,60
Totally Convenient,144,77.41,50
69 Iris Hot,146,77.4,25
Marfusha,146,89.39,25
WhiteLily 1Ôºö‰∏Ω‰∏ΩÂÖ¨‰∏ª,146,89.49,15
Master Of Pottery,147,93.41,46
The Shadow of Yidhra,147,86.99,45
Time Warpers,147,80.06,66
11-11 Memories Retold,149,81.73,85
Adventure of a Lifetime,149,89.94,50
Barotrauma,149,90.61,75
Coloring Game: Girls,149,76.85,25
de Blob,149,81.12,75
de Blob 2,149,82.45,75
Interrogation: You will be deceived,149,78.68,50
Intravenous,149,87.34,50
RollingSky2,149,85.82,50
Rytmik Studio,149,79.18,70
Space Scavenger,149,80.6,50
Spark the Electric Jester 2,149,84.63,50
Viviette,149,82.29,50
Zool Redimensioned,149,86.26,50
Delivery from the Pain:Survival / Êú´Êó•ÊñπËàü:ÁîüÂ≠ò,150,76.47,50
CARNAGE OFFERING,152,78.51,65
Ero Manager,152,84.45,20
Heroes of the Three Kingdoms 5,152,80.52,30
Heroes of the Three Kingdoms 6,152,76.18,30
Neon City Riders,152,77.75,65
Overcrowd: A Commute 'Em Up,152,80.19,65
Shaolin vs Wutang,154,86.79,50
Hellsinker.,155,83.4,40
Palladium: Adventure in Greece,155,77.41,40
Êâ´Èõ∑ÂÜíÈô©Ë∞≠2 ~Èú≤Èú≤ÂßÜÁöÑÂÜíÈô©~,155,76.67,40
HoloBall,157,83.83,55
The Legend of Pomodoro,157,78.74,15
Treefortress Bundle,157,84.63,55
Princess&Blade,158,76.36,20
SpaceNET - A Space Adventure,158,81.46,45
Fling to the Finish,159,81.02,60
Fly Punch Boom!,159,81.51,60
Zombie Rollerz: Pinball Heroes,159,82.34,60
Eldervale,159.99,81.69,60
Notes of Soul,160,76.37,80
Adorable Witch 3,161,79.98,15
Hive Complete Pack (Two Pack),162,81.54,65
Life of Fly,162,80.51,55
Touhou Monster TD ~ ÂπªÊÉ≥‰π°Â¶ñÊÄ™Â°îÈò≤,166,84.63,60
NARUTO SHIPPUDEN: Ultimate Ninja STORM 2,167,84.93,75
NARUTO SHIPPUDEN: Ultimate Ninja STORM 3 Full Burst HD,167,87.45,75
3dSen PC,168,84.99,35
Evasion from Hell,168,78.74,35
Lust Epidemic,168,84.76,35
Room to Grow,168,85.84,35
Ashes of the Singularity: Escalation,169,73.71,67
Federation77,170,80.51,10
What Lies in the Multiverse,170,88.45,70
How to Fool a Liar King,173,76.08,40
IZBOT 2,173,80.28,40
BlazBlue Centralfiction,174,90.77,75
Everything,174,80.62,75
Lost: Find,174,84.45,13
NAMCO MUSEUM ARCHIVES Vol 2,174,77.19,75
Panty Party,174,86.49,50
Rainbow Billy: The Curse of the Leviathan,174,85.17,60
Sword Art Online Re: Hollow Fragment,174,77.16,75
‰Ω†Â∑≤ÁªèÁåúÂà∞ÁªìÂ±Ä‰∫ÜÂêó,175,84.01,10
Escape Dungeon,179,76.51,40
Haiki,179,82.55,40
LAST EMBRYO -EITHER OF BRAVE TO STORY-,179,87.1,40
The Afterglow of Grisaia,179,85.05,40
The Melody of Grisaia,179,83.33,40
Toilet Chronicles,179,84.24,10
Candleman: The Complete Journey,180,87.35,50
CounterAttack,180,83.39,50
FAR: Lone Sails,180,91.63,50
Mythic Ocean,180,85.7,50
Puzzle Forge Dungeon,180,76.12,50
Renryuu: Ascension,180,81.66,50
The Snowboard Game,180,77.2,50
Very Very Valet,180,77.41,50
Athanasy,181,88.18,30
BATTLETECH,181,81.2,75
DANMAKAI: Red Forbidden Fruit,181,83.1,30
"Get To Work, Succubus-Chan!",181,75.98,30
Hero Lodge,181,79.05,30
Insect Swarm,181,80.62,30
Kraino Origins,181,77,30
Mixcraft 8 Home Studio,181,82.96,75
Quest Of Graal,181,79.71,30
Yu-Gi-Oh! Legacy of the Duelist : Link Evolution,181,79.11,75
Corona Blossom Vol.1 Gift From the Galaxy,183,87.92,45
Bocce Time! VR,184,82.39,10
Witch 3 Return,184,78.3,10
Leisure Suit Larry - Wet Dreams Dry Twice,185,82.56,80
BAYANI - Fighting Game,186,77.01,50
Fallen Enchantress: Legendary Heroes,186,71.94,60
A Kiss For The Petals - Remembering How We Met,187,88.39,35
Cauldrons of War - Stalingrad,194,77.77,25
Groupy,194,73.87,25
Nuclear Blaze,194,89.09,25
State of War : Warmonger / ËìùËâ≤Ë≠¶Êàí (Classic 2000),194,82.53,25
Corona Blossom Vol.2 The Truth From Beyond,199,87.27,40
Corona Blossom Vol.3 Journey to the Stars,199,85.22,40
Human: Fall Flat,199,93.46,70
Iconoclasts,199,84.33,60
Partisans 1941,199,80.83,80
Space Mouse 2,199,78.3,50
The Daedalic Armageddon Bundle,199,84.71,90
The Inheritance of Crimson Manor,199,81.74,50
Chaos Chain,201,77.4,25
Where the Snow Settles,201,77.87,25
12 Labours of Hercules IX: A Hero's Moonwalk,202,79.83,30
Castle on the Coast,206,82.19,60
Iwaihime,206,78.02,60
Offworld Trading Company,206,74.78,60
Offworld Trading Company Core Edition,206,74.8,60
Star Control¬Æ: Origins,206,70.45,60
Acting Lessons,207,92.82,20
"Aquarist - build aquariums, grow fish, develop your business!",207,76.84,20
CHANGE: A Homeless Survival Experience,207,87.52,50
Curtains,207,64.35,20
Ekstase,207,79.39,20
Intrepid Izzy,207,81.66,50
Medieval Monarch,207,76.89,20
ÁúüÊé¢,207,89.12,20
Chinese Parents,209,89.81,40
Creaks,209,90.5,65
Mechanic 8230: Escape from Ilgrot,209,77.88,30
One Piece Pirate Warriors 3,209,78.26,85
ONE PIECE PIRATE WARRIORS 3 Gold Edition,209,78.25,85
Paladin's Oath,209,78.73,30
South of the Circle,209,78,30
The Tale of ALLTYNEX,209,82.97,50
Detective From The Crypt,210,85.05,25
The Long Dark,210,90.14,66
Twilight bride :VORMSLEGEND,210,82.07,25
WhiteLily 2ÔºöÊ¢¶ÈÜíÂ∞ëÂ•≥,214.88,88.24,15
She is Mermaid,215,76.37,20
Dealer's Life,216,87.8,25
"Dr Livingstone, I Presume? Reversed Escape Room",216,77.77,40
FixFox,216,84.66,40
Task Force,216,80.62,30
Drift King,217,80.6,50
Factory Town,217,87.76,50
Galactic Civilizations¬Æ II: Ultimate Edition,217,73.42,50
Gloom and Doom,217,81.86,50
Lenny Loosejocks Goes Walkabout,217,77.41,50
Multiplicity,217,47.58,50
Sorcerer King: Rivals,217,60.75,50
Superliminal,217,92.43,50
The Great Gaias,217,76.36,50
Tide Up,217,81.55,25
Trials of Fire,217,84.63,50
Across the Galaxy: Stellar Dominator,220,77,15
Prose & Codes,220,86.92,15
Doomsday Hunters,223,84.63,40
From Frontier,223,89.68,40
Nummels,224,77.87,25
The Secret of Retropolis,224,85.02,25
West of Loathing,224,94.38,50
Songs Of Wuxia,225,76.19,50
Supraland Six Inches Under,228,92.02,40
Weird RPG,228,84.63,15
Overloop,231,85.04,20
BATTLETECH Digital Deluxe Edition,232,81.19,75
Dreamscaper,232,86.45,50
Galactic Civilizations I and II Pack,232,69.97,50
Galactic Civilizations III,232,75.34,68
Galactic Civilizations III,232,74.94,68
Hex of Steel,232,88.33,50
Megaquarium,232,90.31,50
Severed Steel,232,90.02,50
Sins of a Solar Empire¬Æ: Rebellion,232,90.76,68
Spark the Electric Jester 3,232,89.59,50
Stardock Legends Pack,232,73.12,68
The Red Lantern,232,78.87,50
Demon Speakeasy,233,76.86,10
Latex Dungeon,233,79.31,10
Heroes of the Three Kingdoms 7,234,79.45,30
Home and Dungeon,235,80.56,40
Shaolin vs Wutang 2,235,79.18,40
Armored Lab Force VULVEHICLES,239,77.87,20
Endzone - A World Apart,239,75.89,70
OshiRabu: Waifus Over Husbandos ~LoveÔΩ•orÔΩ•die~,239,78.29,20
Shadow Tactics: Aiko's Choice,239,88.12,60
Tower Tactics: Liberation,239,87.06,20
Cat and Ghostly Road,240,83.8,25
TPORT,241,81.25,33
Idol Hands,242,82.13,10
Kaiju Princess,242,92.88,10
ÂóúË°ÄÂç∞ Bloody Spell,243,86.28,63
È¢®Ëâ≤ÂπªÊÉ≥6:ÂÜíÈö™Â•èÈ≥¥,244,78.4,20
Being a DIK - Season 1,247,93.95,20
Onde,247,84.53,20
DCL - The Game,249,76.83,75
The Tale of ALLTYNEX Deluxe Edition,249,82.84,50
Eclipse,251,77.06,37
Zeepkist,251,90.29,13
GRAND CROSS: ReNOVATION,252,85.49,30
Hentai Femdom Sim: Femdom University,252,77.16,30
HunterX,252,78.76,30
Like No Other: The Legend Of The Twin Books,252,80.01,30
Sable's Grimoire,252,85.01,30
Umurangi Generation,252,87.37,30
Kenshi,257,93.44,50
MORDHAU,257,80.11,50
Midnight Protocol,259,82.11,35
Strange Horticulture,259,91.78,35
Touhou Blooming Chaos,259,83.42,30
Touhou Blooming Chaos 2,259,90.38,30
Aeternum Vale,260,76.34,10
The Walking Dead: The Final Season,260,91.96,60
3dSen VR,261,83.66,40
A Little Golf Journey,261,80.47,40
Manafinder,262,79.39,15
Evil Tonight,269,80.92,10
Silicon Dreams | cyberpunk interrogation,269,86.59,25
Pure Rock Crawling,270,80.63,25
Terra Randoma,270,78.14,25
Grisaia Phantom Trigger Vol.1,274,86.15,45
Happy Game,276,86.71,33
Naked Story,277,78.02,63
Suhoshin,278,81.4,33
A Juggler's Tale,279,86.36,30
Ark of Artemis,279,78.22,30
DARIUSBURST Chronicle Saviours,279,79.09,70
Witchtastic,279,83.14,30
Sins of a Solar Empire¬Æ: Rebellion: Game and Soundtrack Bundle,280,90.77,66
First Class Trouble,285,76.33,50
Tayutama 2-you're the only one-,287,91.18,68
NavalArt,288,86.58,20
Travellers Rest,288,87.9,20
That Time I Got Reincarnated as an Orc,290,83.22,30
Agent Intercept,291,77.09,33
Solasta: Crown of the Magister,291,86.87,60
Vengeful Rites,291,85.84,33
Alex Kidd in Miracle World DX,292.99,79.66,60
Touhou Mystia's Izakaya,296,93.42,20
WILL: A Wonderful World / WILLÔºöÁæéÂ•Ω‰∏ñÁïå,296,90.3,15
Escape Dungeon 2,299,89.15,25
Grisaia Phantom Trigger Vol.2,299,86.54,40
IL-2 Sturmovik: Battle of Stalingrad,299,78.06,85
Ni no Kuni‚Ñ¢ II: Revenant Kingdom,299,82.32,85
Hourglass,300,87.37,40
Last Lovers ÁªøÊ¥≤‰πãÁà±,303,76.59,25
Beard Blade,304,75.89,30
FALL IN LABYRINTH,304,88.46,30
Minute of Islands,304,77.1,30
No Place Like Home,304,79.26,30
OshiRabu: Waifus Over Husbandos,304,84.3,30
Beautiful Mystic Defenders,306,78.66,10
Cat's Kiss,306,86.06,15
Recursive Ruin,307,79.28,33
ÊúàÂΩ±È≠ÖÂÉè-Ëß£Êîæ‰πãÁæΩ-,311,93.34,61
TouHou Nil Soul,313,76.69,35
The Dungeon Of Naheulbeuk: The Amulet Of Chaos,319,85.93,60
Vault of the Void,319,89.71,20
We Were Here Forever,319,87,20
Blossom Tales II: The Minotaur Prince,324,79.65,10
Grisaia Phantom Trigger Vol.3,324,86.46,35
Grisaia Phantom Trigger Vol.4,324,86.83,35
Grisaia Phantom Trigger Vol.5,324,86.28,35
Banner of the Maid,325,86.8,50
Ruinarch,325,76.03,30
YAKIMOCHI STREAM,325,82.46,30
Crisis Brigade 2 reloaded,326,76.94,25
Let's Build a Zoo,326,86.23,25
Roboquest,326,90.77,25
Idol Magical Girl Chiru Chiru Michiru Part 1,333,80.83,50
Nursery Slime,334,80.01,30
Claris the Princess Knight,336,79.32,25
Bounty game,340,79.75,50
Rhythm Fighter,344,76.81,31
Lolita Expedition,346,86.62,21
Sins of a Solar Empire¬Æ - Ultimate Edition,346,89.98,72
Candy Disaster - Tower Defense,348,82.23,20
Mercury Fallen,348,77.21,20
Move 78,348,78.11,20
Priest Simulator,348,85.32,20
Founders' Fortune,349,80.1,50
MARSUPILAMI - HOOBADVENTURE,349,81.22,50
Screeps: World,349,85.77,50
Jerez's Arena,350,77.42,50
Maitetsu:Pure Station,350,92.75,61
Real estate tycoon,350,76,30
Wolf of Stock Street,350,82.15,30
ALIA‚Äôs CARNIVALÔºÅ,356,88.79,61
Stronghold Crusader 2 Ultimate Edition,359,78.11,80
Â•áËøπ‰∏ÄÂàª Surmount,359,88.58,40
Home Behind 2,360,84.76,30
Multiplicity KVM,362,64.08,50
Blazing Aries,366,83.8,25
Hot Spring Hero,366,79.62,25
Faeria,369,81.39,50
Airships: Conquer the Skies,372,92.42,20
First Person Tennis - The Real Tennis Simulator,372,81.53,20
Grisaia Phantom Trigger Vol.5.5,374,82.19,25
Grisaia Phantom Trigger Vol.6,374,84.6,25
Submerged: Hidden Depths,386,84.13,25
Nightmare Hunter,390,81.3,20
Cogmind,391,90.68,10
Dinkum,391,92.15,10
Loca-Love My Cute Roommate,399,81.84,40
Super Arcade Racing,399,82.83,60
MY HERO ONE'S JUSTICE 2,404,85.17,85
Carrier Command 2,412,75.85,20
Fobia - St. Dinfna Hotel,412,84.97,20
Wrench,412,86.4,20
Crocotile 3D,418,80.21,10
MADNESS: Project Nexus,418,94.32,10
Stellar Monarch 2,418,78.74,10
Best Month Ever!,419,77.41,30
BROK the InvestiGator,424,90.83,15
CODE VEIN,449,85.07,85
Between the Stars,454,76.26,35
Ghost Marriage Matchmaking,457,81.92,30
Lilycle Rainbow Stage!!!,465,83.28,50
Sentimental K,469,79.1,50
Growing Up,476,85.09,15
DEAD OR SCHOOL,479,82.1,60
Rasetsu Fumaden,479,78.99,20
MECHANICA: A Ballad of the Rabbit and Mercury,489,89.77,30
WAGAMAMA HIGH SPEC,492,83.86,70
The Ascent,494,74.68,67
UnMetal,494,89.5,35
ËßÖÈïøÁîü,495,89.07,10
TRATRITLE,508,83.79,15
Life is Paradise,510,76.34,30
Buggos,525,81.18,25
TEKKEN 7,554,80.96,85
001 Game Creator,555,72.64,60
AppGameKit - Bumper Pack,555,77.4,60
Colony Ship: A Post-Earth Role Playing Game,559,80.04,20
NEBULOUS: Fleet Command,559,88.08,20
Bitty Engine,562,78.75,25
AIKAGI,599,78.69,10
Momoiro Closet,599,81.14,40
The Eden of Grisaia,599,84.31,40
The Labyrinth of Grisaia,599,79.48,40
The Expression Amrilato,604,90.23,35
Wonderful Everyday Down the Rabbit-Hole,649,89.46,35
Yukikoi Melt,649,77.65,35
Grisaia Phantom Trigger Vol.7,666,79.39,20
Hana no No ni Saku Utakata no,679,89.36,32
Little Nightmares II,679,93.12,60
Distant Memoraƒµo,696,87.92,20
SCARLET NEXUS,699,82.51,75
Workers & Resources: Soviet Republic,699,88.27,30
Amazing Cultivation Simulator,700,86.13,30
The Fruit of Grisaia,733,87.99,45
Heraldry Studio,749,76.65,25
Maitetsu:Last Run!!,773,94.19,47
Maitetsu:Last Run!!,773,94.02,47
Scorn,809.1,50,10
Detroit: Become Human,814,91.58,50
A Perfect Day,828,79.89,28
Grisaia Phantom Trigger Vol.8,899,78.36,10
Movavi Video Editor Plus 2021 - Video Editing Software,916,77.43,60
Accident,950,75.58,50
cyubeVR,959,85.88,20
ISLAND,999,90.72,25
